video_name,label,original_video
vsfqefmola.mp4,FAKE,xwjpjcupav.mp4
ncrzblkzwo.mp4,FAKE,ppbrmftisl.mp4
gbseijkumy.mp4,FAKE,roexqqtlcc.mp4
rhfubkzswa.mp4,FAKE,egmayyfjft.mp4
zrhanplxik.mp4,FAKE,brxmwnidnz.mp4
fdsyntmjhe.mp4,FAKE,njdcyfdrag.mp4
nkwihupqho.mp4,FAKE,efhcbxiijx.mp4
xtwiopjhgu.mp4,FAKE,hnxsaxgslp.mp4
glyibrusow.mp4,FAKE,ovasmrxcau.mp4
huphoassev.mp4,FAKE,uknxtqbsnz.mp4
lgafdpdnmm.mp4,FAKE,khgstdjqkx.mp4
essirtjppz.mp4,FAKE,ftsnvamlem.mp4
eircxygpow.mp4,FAKE,rjifxxnpfe.mp4
iuowcfztiw.mp4,FAKE,xpoyyndkpc.mp4
taddpkigdq.mp4,FAKE,xedgowhrvz.mp4
xulknasmrv.mp4,FAKE,sfiiexmjgo.mp4
fxicxiadxr.mp4,FAKE,bnmaixlpwt.mp4
ziaadrpvng.mp4,FAKE,vmvmvplftb.mp4
iuhdxhbbbi.mp4,FAKE,mcmvubxydb.mp4
ecikjacnpg.mp4,FAKE,kntqtusqjh.mp4
vfezomdblk.mp4,FAKE,zsrfcplirt.mp4
ojwkzsemtt.mp4,FAKE,oazqebllqy.mp4
htcyzjmhza.mp4,FAKE,jlapwfetfh.mp4
thmqyyngdk.mp4,FAKE,syvhhjrdkj.mp4
pjecnbmkhn.mp4,FAKE,pgkojussvn.mp4
tyqntrovfp.mp4,FAKE,xykrvqwobu.mp4
akqllxlxsb.mp4,FAKE,flomoalzzj.mp4
vclvjfzsjc.mp4,FAKE,rtfgdfnkkf.mp4
dtiyiawmmu.mp4,FAKE,xeazlxfrzv.mp4
nvyqzhcrzj.mp4,FAKE,anhgqbcmdu.mp4
cjloazozmw.mp4,FAKE,otugjqmkgu.mp4
mmukpdhdys.mp4,FAKE,scbkvlwgnp.mp4
qxsancqgqs.mp4,FAKE,qeanuizhvl.mp4
yaeykdqreb.mp4,FAKE,cotktdvsyb.mp4
yhztjhknjl.mp4,FAKE,zsflcdjbke.mp4
azrjjfeyec.mp4,FAKE,rwveppwnzz.mp4
xguyofhvvl.mp4,FAKE,ovjhaxbykn.mp4
ufxsidqrnw.mp4,FAKE,xuylvrzgkm.mp4
qgqvcygirp.mp4,FAKE,fvyxlmbqgt.mp4
xhxciokgxt.mp4,FAKE,wwcfihzzit.mp4
jrhcqzyboq.mp4,FAKE,yxzonqgbkk.mp4
dwlejfngiz.mp4,FAKE,kfdgoqhhej.mp4
xvokaqknjx.mp4,FAKE,zzjhgltgno.mp4
ssywyemlnv.mp4,FAKE,omktssbjdh.mp4
avcnoagzcl.mp4,FAKE,ptxldujrxt.mp4
ndzuvyovpg.mp4,FAKE,lcnzobnvat.mp4
shsnemdzmi.mp4,FAKE,oinggfsmyv.mp4
eadrhllqfh.mp4,FAKE,usfukdtdnf.mp4
esdznbhvss.mp4,FAKE,spyzagzzkb.mp4
iqjctsgmxz.mp4,FAKE,iaicjgrfqw.mp4
yalnwonlpd.mp4,FAKE,ovjhaxbykn.mp4
iosdbnsyiq.mp4,FAKE,fvyxlmbqgt.mp4
prnaiexaqh.mp4,FAKE,yqyqnrquyp.mp4
gchtyeelxc.mp4,FAKE,hlbistvaxj.mp4
vmcizkyeom.mp4,FAKE,vbeqojpbwi.mp4
necvupvhsd.mp4,FAKE,lpkcjjzoml.mp4
xqzmxkxcui.mp4,FAKE,iaicjgrfqw.mp4
uludjezhiw.mp4,FAKE,yowrqjcbbj.mp4
mtonladhay.mp4,FAKE,guommdvwhv.mp4
kxnpzjnrlv.mp4,FAKE,rwsxndetrr.mp4
eopotldlbp.mp4,FAKE,iidwcltvvx.mp4
wysxamyilt.mp4,FAKE,yqyqnrquyp.mp4
anknluqkkp.mp4,FAKE,hkzwegpbmj.mp4
czyoquvchl.mp4,FAKE,mzdbbjvbbt.mp4
fygcxaiznc.mp4,FAKE,vhtolmocbu.mp4
kmothkzzyn.mp4,FAKE,hknezlocjt.mp4
ohwkiwvyfd.mp4,FAKE,hlbistvaxj.mp4
nhpuoiypha.mp4,FAKE,raospibigv.mp4
zwmzgovwgt.mp4,FAKE,fdamsekwzt.mp4
rtrqaufeag.mp4,FAKE,vbeqojpbwi.mp4
tlqmdnkivi.mp4,FAKE,lpkcjjzoml.mp4
gykhipdvjr.mp4,FAKE,sqeyqonrfv.mp4
pzgegdhxyr.mp4,FAKE,owmleyrerp.mp4
pumantsepb.mp4,FAKE,yowrqjcbbj.mp4
vqqqcjklrb.mp4,FAKE,bnmaixlpwt.mp4
qlntpdjtwg.mp4,FAKE,cotktdvsyb.mp4
gnjiyurbgw.mp4,FAKE,mcmvubxydb.mp4
vaxstktodx.mp4,FAKE,kntqtusqjh.mp4
zdgdjagcjn.mp4,FAKE,jlapwfetfh.mp4
vouwfukrup.mp4,FAKE,xeazlxfrzv.mp4
yejdkodexu.mp4,FAKE,pgkojussvn.mp4
pbymlxchjh.mp4,FAKE,vmvmvplftb.mp4
wkfwfqyftw.mp4,FAKE,scbkvlwgnp.mp4
xjrizihtxi.mp4,FAKE,rtfgdfnkkf.mp4
zzrvfeorbt.mp4,FAKE,zsflcdjbke.mp4
ivazquiqgd.mp4,FAKE,syvhhjrdkj.mp4
tlubfvdiap.mp4,FAKE,anhgqbcmdu.mp4
iffmgfkioq.mp4,FAKE,qeanuizhvl.mp4
diajsdfczz.mp4,FAKE,flomoalzzj.mp4
hscdioknsd.mp4,FAKE,sfiiexmjgo.mp4
akfmhpsggq.mp4,FAKE,oazqebllqy.mp4
tvvhuemxhj.mp4,FAKE,otugjqmkgu.mp4
eqfnfvhime.mp4,FAKE,cknqfjlusf.mp4
lflinltgxz.mp4,FAKE,nqnlhzpugs.mp4
afdvusntas.mp4,FAKE,izacglthoa.mp4
grrkuuovew.mp4,FAKE,ucoybvztjv.mp4
sqryzennap.mp4,FAKE,docbwaqepf.mp4
mjrcdrwunq.mp4,FAKE,jjoafnrfek.mp4
ohmoncrfeo.mp4,FAKE,qcselezlgp.mp4
ffdltgyezc.mp4,FAKE,qduvdlvhgs.mp4
tmujreuqhw.mp4,FAKE,npfrsielmb.mp4
yddurwhwaq.mp4,FAKE,unkiykyxbk.mp4
tpuxzbaufb.mp4,FAKE,chbnrbsjpc.mp4
tkjhrvkblf.mp4,FAKE,prlxskrbjd.mp4
ncaastfeii.mp4,FAKE,kwckguejdj.mp4
bwcqmrsmdv.mp4,FAKE,pabtzottlj.mp4
ejlcsqhiuy.mp4,FAKE,nrxzfcamdl.mp4
stdmrehqbt.mp4,FAKE,nxsafxfzmg.mp4
dzceqlbqzl.mp4,FAKE,flezkxfmlz.mp4
pzkpwadakn.mp4,FAKE,draurzmraf.mp4
eaysguyliz.mp4,FAKE,tocyuddaqm.mp4
awyaotvkdp.mp4,FAKE,rtyiyjlbhx.mp4
svohkqofrw.mp4,FAKE,kntqtusqjh.mp4
xaazhtotyz.mp4,FAKE,jlapwfetfh.mp4
rabhqkbwnv.mp4,FAKE,xeazlxfrzv.mp4
xbvewtojra.mp4,FAKE,pgkojussvn.mp4
qxkmdfgaes.mp4,FAKE,vmvmvplftb.mp4
zkrnugqlpq.mp4,FAKE,rxgergrgvq.mp4
izcydhjqgy.mp4,FAKE,iztirxscgw.mp4
pogilcqxdh.mp4,FAKE,twsasqpuii.mp4
izqunqgfjw.mp4,FAKE,gpuciknkhh.mp4
xqcrhusvhx.mp4,FAKE,yfeswdwtpo.mp4
rhknrptpeu.mp4,FAKE,nwlmrkacxp.mp4
wmnhmwfudk.mp4,FAKE,oyojinjzai.mp4
opoisanlsa.mp4,FAKE,imluzlqioa.mp4
kthiemnbqq.mp4,FAKE,fumaxogacv.mp4
tsblokwgmv.mp4,FAKE,rxgergrgvq.mp4
kkapefcfkp.mp4,FAKE,sqaqebxfji.mp4
trmpyaqfgz.mp4,FAKE,vzwplzyhks.mp4
dsroydedep.mp4,FAKE,kqfyjwwqap.mp4
vorjjammqo.mp4,FAKE,xlvtjtqeps.mp4
mprdltkehp.mp4,FAKE,sqltggqwmj.mp4
zivfwugpui.mp4,FAKE,lrojrfrsji.mp4
dvxzonwaph.mp4,FAKE,idgzmaaaaf.mp4
yrvohigopj.mp4,FAKE,qtwpxpsnza.mp4
zfjwfnhttp.mp4,FAKE,arudzzdnti.mp4
kthgpveobc.mp4,FAKE,octhnroabx.mp4
hrlmdruumd.mp4,FAKE,wnicpkipsg.mp4
uoqmzeqcdc.mp4,FAKE,iztirxscgw.mp4
rmeibjrsch.mp4,FAKE,twsasqpuii.mp4
gqmfrmfiez.mp4,FAKE,gpuciknkhh.mp4
cohicmtfej.mp4,FAKE,yfeswdwtpo.mp4
oqimkuodll.mp4,FAKE,nwlmrkacxp.mp4
rldwuvafys.mp4,FAKE,imluzlqioa.mp4
ayoebnlrbg.mp4,FAKE,brxmwnidnz.mp4
yokofiifhq.mp4,FAKE,uknxtqbsnz.mp4
astvwfscwj.mp4,FAKE,pmvhbzqnsr.mp4
rhsccxszfo.mp4,FAKE,vjiljhlhuj.mp4
szepdqbwpu.mp4,FAKE,oocfbzjbjz.mp4
vqsmlhgayp.mp4,FAKE,ugorqhcmkf.mp4
bigimjswov.mp4,FAKE,vhnutudcuu.mp4
bfckvmellz.mp4,FAKE,arsgkutymm.mp4
lukndqucav.mp4,FAKE,rtyiyjlbhx.mp4
guljlqqtus.mp4,FAKE,gszudpzoua.mp4
psitskngag.mp4,FAKE,pthhwdjowz.mp4
qiqwrhgfjy.mp4,FAKE,klfsumyqdj.mp4
fvurpsvypn.mp4,FAKE,tylopeltng.mp4
hzsdgtuxkn.mp4,FAKE,avogfphahm.mp4
ewhuctimhw.mp4,FAKE,iczjbatxyk.mp4
ifkimkvfid.mp4,FAKE,wezeseyabq.mp4
hxomichcch.mp4,FAKE,eimraxxtpt.mp4
iuffbvsnrk.mp4,FAKE,jkpqaezdup.mp4
tskwxyxhzi.mp4,FAKE,eivipqjhlb.mp4
dfbcnprnpo.mp4,FAKE,vzluwehwnv.mp4
auseojfssv.mp4,FAKE,wqwaedreee.mp4
rvhzeauxxi.mp4,FAKE,pyyhciggjc.mp4
vbibjcsinb.mp4,FAKE,zsztjofsyg.mp4
nefvhzjagc.mp4,FAKE,nwksgeimti.mp4
hgvjwnptgl.mp4,FAKE,awnvkbuuul.mp4
qsvobmzswg.mp4,FAKE,qgcppvhpvm.mp4
qxqfkrjycw.mp4,FAKE,tdsrbopmex.mp4
ycdgqnqlmk.mp4,FAKE,fydgzlaies.mp4
wfwqezlqmh.mp4,FAKE,fwmflinrvu.mp4
fklehvribt.mp4,FAKE,obmzzipzqs.mp4
ivjbwsxrxu.mp4,FAKE,yowswelwcx.mp4
mjfpzcwyhn.mp4,FAKE,rwcmqmsnxz.mp4
ncrzcquoye.mp4,FAKE,siuhujnxoc.mp4
essoszqqxh.mp4,FAKE,npjbegfxpz.mp4
ycojaqttqa.mp4,FAKE,bedjmitlpy.mp4
mejrurfscd.mp4,FAKE,jmfytkarqo.mp4
qiizamplfe.mp4,FAKE,sdvrrveows.mp4
aupxgrhwlm.mp4,FAKE,hitensqxdl.mp4
ilcewovkow.mp4,FAKE,cqqoxlcuqu.mp4
qozlieabkx.mp4,FAKE,rjwtaqlnll.mp4
eisyzsjpsz.mp4,FAKE,pabtzottlj.mp4
tggwbwgjxp.mp4,FAKE,nrxzfcamdl.mp4
gvnlcoteto.mp4,FAKE,nxsafxfzmg.mp4
xuqusjswoe.mp4,FAKE,flezkxfmlz.mp4
tiamzjkfnp.mp4,FAKE,draurzmraf.mp4
qwwbslepls.mp4,FAKE,tocyuddaqm.mp4
camfaemodu.mp4,FAKE,rtyiyjlbhx.mp4
iyvtszoaja.mp4,FAKE,gszudpzoua.mp4
tjokfujfji.mp4,FAKE,pthhwdjowz.mp4
rgvlghjrdh.mp4,FAKE,klfsumyqdj.mp4
zybmtncyyy.mp4,FAKE,tylopeltng.mp4
boyapmhliq.mp4,FAKE,avogfphahm.mp4
kialazbvzf.mp4,FAKE,iczjbatxyk.mp4
pcjdcgvoxm.mp4,FAKE,wezeseyabq.mp4
jgyiguxeeb.mp4,FAKE,eimraxxtpt.mp4
vexaxjphil.mp4,FAKE,jkpqaezdup.mp4
bykqrlgcmb.mp4,FAKE,eivipqjhlb.mp4
amfdrorkqd.mp4,FAKE,vzluwehwnv.mp4
myaejenwfq.mp4,FAKE,wqwaedreee.mp4
oltqnpzjzf.mp4,FAKE,pyyhciggjc.mp4
yattoxarlh.mp4,FAKE,bnmaixlpwt.mp4
lkibvojsdc.mp4,FAKE,cotktdvsyb.mp4
lakugzcptf.mp4,FAKE,mcmvubxydb.mp4
nsnnsfhdrk.mp4,FAKE,kntqtusqjh.mp4
qiqzxlxogd.mp4,FAKE,jlapwfetfh.mp4
wwldaywxsv.mp4,FAKE,xeazlxfrzv.mp4
slivhyytga.mp4,FAKE,pgkojussvn.mp4
uroeoovirz.mp4,FAKE,vmvmvplftb.mp4
rjzupmswae.mp4,FAKE,scbkvlwgnp.mp4
dyztzzayjn.mp4,FAKE,rtfgdfnkkf.mp4
rdbujxsski.mp4,FAKE,zsflcdjbke.mp4
llsntcqrxo.mp4,FAKE,syvhhjrdkj.mp4
dpnbyxvcgh.mp4,FAKE,anhgqbcmdu.mp4
smisbpychk.mp4,FAKE,qeanuizhvl.mp4
ylwrcfvfyc.mp4,FAKE,flomoalzzj.mp4
ronngxkirm.mp4,FAKE,sfiiexmjgo.mp4
bbpesgkswm.mp4,FAKE,oazqebllqy.mp4
bvjmasqvkm.mp4,FAKE,otugjqmkgu.mp4
lefcqaqths.mp4,FAKE,cknqfjlusf.mp4
jefgvykuvb.mp4,FAKE,nqnlhzpugs.mp4
yiiooczcph.mp4,FAKE,izacglthoa.mp4
texuaxiqwv.mp4,FAKE,ucoybvztjv.mp4
oqgzorlfng.mp4,FAKE,docbwaqepf.mp4
jaanbxqqdk.mp4,FAKE,jjoafnrfek.mp4
xxnhjrsqhy.mp4,FAKE,qcselezlgp.mp4
gvvsdzkqat.mp4,FAKE,qduvdlvhgs.mp4
bmpryvnexb.mp4,FAKE,npfrsielmb.mp4
edhapbuplw.mp4,FAKE,unkiykyxbk.mp4
hgjstmkgrn.mp4,FAKE,chbnrbsjpc.mp4
nirkytavhv.mp4,FAKE,prlxskrbjd.mp4
oekepyouxo.mp4,FAKE,kwckguejdj.mp4
ughwxehuhb.mp4,FAKE,qeanuizhvl.mp4
ugbgdfbngo.mp4,FAKE,sfiiexmjgo.mp4
hghptlgbcd.mp4,FAKE,qcselezlgp.mp4
vfhwbzsnll.mp4,FAKE,ifbydapwbj.mp4
ihnlnxciyt.mp4,FAKE,unkiykyxbk.mp4
foskuylenn.mp4,FAKE,fvyxlmbqgt.mp4
riozqzzaiy.mp4,FAKE,iaicjgrfqw.mp4
ozvvgvgxhz.mp4,FAKE,dnojdntqwc.mp4
olkoywtjlv.mp4,FAKE,rjnmptbiwu.mp4
llujkahjij.mp4,FAKE,ygsxphrwhv.mp4
fecintrklj.mp4,FAKE,fzdlwefhin.mp4
vsqvedfiqt.mp4,FAKE,jfzteuamds.mp4
whrqeubmsi.mp4,FAKE,rbfjicedby.mp4
ftlaepnxzn.mp4,FAKE,tvmegvmsap.mp4
cczysoqecz.mp4,FAKE,chlkuqejaz.mp4
mywzblnyps.mp4,FAKE,ggldladtnu.mp4
jmtfpbhkdt.mp4,FAKE,ectuedjjiq.mp4
cxnwdgmpqk.mp4,FAKE,vvxbrngiem.mp4
usursrgzni.mp4,FAKE,hlfexmbjgb.mp4
nylgsbfphc.mp4,FAKE,slibhjtyzo.mp4
phvynogzbu.mp4,FAKE,wtebmojdkv.mp4
spcjlcufim.mp4,FAKE,jnzqiirmal.mp4
twvhslmcio.mp4,FAKE,xmgooftvtg.mp4
jqbqzsmnho.mp4,FAKE,wsolyqcxnc.mp4
rzphwowazs.mp4,FAKE,ejoyekzkrt.mp4
hpeaezaike.mp4,FAKE,sletbvworm.mp4
xhovphcllc.mp4,FAKE,rqzhnalque.mp4
mobyjiksrl.mp4,FAKE,hfurckujph.mp4
ohetpczqop.mp4,FAKE,slibhjtyzo.mp4
wnglepzmrr.mp4,FAKE,wtebmojdkv.mp4
anopkfhgfk.mp4,FAKE,evglymrtxt.mp4
ozxpofukkp.mp4,FAKE,fzdlwefhin.mp4
mdhlizlggl.mp4,FAKE,jfzteuamds.mp4
fmiavuxoqj.mp4,FAKE,rbfjicedby.mp4
qzthxbcbyp.mp4,FAKE,tvmegvmsap.mp4
rjkytcvaqy.mp4,FAKE,rjnmptbiwu.mp4
plkwiodsey.mp4,FAKE,hfurckujph.mp4
lhghhwbtxg.mp4,FAKE,ygsxphrwhv.mp4
bnblqdscej.mp4,FAKE,dutlbhkgdb.mp4
wbffljgbxc.mp4,FAKE,fzdlwefhin.mp4
nmigggvigt.mp4,FAKE,sywxohbphe.mp4
nxboxptyhl.mp4,FAKE,jfzteuamds.mp4
tiqvvyijio.mp4,FAKE,rbfjicedby.mp4
vqmqeqhrqk.mp4,FAKE,ochpbfinin.mp4
djlkaujyck.mp4,FAKE,tvmegvmsap.mp4
hwugugckuy.mp4,FAKE,tbiqenupzf.mp4
bmweognncp.mp4,FAKE,gkpbklaczs.mp4
dgrazemtfp.mp4,FAKE,bgzdytyarp.mp4
cqkbgfimjl.mp4,FAKE,hyommkypws.mp4
qltbmwmrok.mp4,FAKE,vlqajlzqqm.mp4
bmsswzbtza.mp4,FAKE,ggldladtnu.mp4
xffiruexet.mp4,FAKE,mzbosahaff.mp4
hojdbqscth.mp4,FAKE,fmqcsxrksv.mp4
kwctvgpehp.mp4,FAKE,vvxbrngiem.mp4
icgdpmcunf.mp4,FAKE,ejoyekzkrt.mp4
sdxoqelmzl.mp4,FAKE,sletbvworm.mp4
mpslnrbssf.mp4,FAKE,rqzhnalque.mp4
nujxnhlxrg.mp4,FAKE,hfurckujph.mp4
yieggkcrbj.mp4,FAKE,slibhjtyzo.mp4
zhuomldxxs.mp4,FAKE,wtebmojdkv.mp4
ewcnkkfmju.mp4,FAKE,evglymrtxt.mp4
typskyapxo.mp4,FAKE,ehmdocyrfn.mp4
itdmwqhbsw.mp4,FAKE,ydefudbbnw.mp4
gayhadoofs.mp4,FAKE,uixpqkjspp.mp4
seqwkzanvv.mp4,FAKE,jnzqiirmal.mp4
cgzvykhrbt.mp4,FAKE,qcbsuvhije.mp4
mgbvsihdiy.mp4,FAKE,ncwrceqqbz.mp4
bekrxkamqj.mp4,FAKE,twvsqauxac.mp4
uremujazea.mp4,FAKE,wsolyqcxnc.mp4
cgsdjbdefa.mp4,FAKE,fblpblvuob.mp4
bqmhgnjzpo.mp4,FAKE,kpzrnxogvi.mp4
xwjpjcupav.mp4,REAL,
ppbrmftisl.mp4,REAL,
roexqqtlcc.mp4,REAL,
egmayyfjft.mp4,REAL,
brxmwnidnz.mp4,REAL,
njdcyfdrag.mp4,REAL,
efhcbxiijx.mp4,REAL,
hnxsaxgslp.mp4,REAL,
ovasmrxcau.mp4,REAL,
uknxtqbsnz.mp4,REAL,
khgstdjqkx.mp4,REAL,
ftsnvamlem.mp4,REAL,
rjifxxnpfe.mp4,REAL,
xpoyyndkpc.mp4,REAL,
xedgowhrvz.mp4,REAL,
sfiiexmjgo.mp4,REAL,
bnmaixlpwt.mp4,REAL,
vmvmvplftb.mp4,REAL,
mcmvubxydb.mp4,REAL,
kntqtusqjh.mp4,REAL,
zsrfcplirt.mp4,REAL,
oazqebllqy.mp4,REAL,
jlapwfetfh.mp4,REAL,
syvhhjrdkj.mp4,REAL,
pgkojussvn.mp4,REAL,
xykrvqwobu.mp4,REAL,
flomoalzzj.mp4,REAL,
rtfgdfnkkf.mp4,REAL,
xeazlxfrzv.mp4,REAL,
anhgqbcmdu.mp4,REAL,
otugjqmkgu.mp4,REAL,
scbkvlwgnp.mp4,REAL,
qeanuizhvl.mp4,REAL,
cotktdvsyb.mp4,REAL,
zsflcdjbke.mp4,REAL,
rwveppwnzz.mp4,REAL,
ovjhaxbykn.mp4,REAL,
xuylvrzgkm.mp4,REAL,
fvyxlmbqgt.mp4,REAL,
wwcfihzzit.mp4,REAL,
yxzonqgbkk.mp4,REAL,
kfdgoqhhej.mp4,REAL,
zzjhgltgno.mp4,REAL,
omktssbjdh.mp4,REAL,
ptxldujrxt.mp4,REAL,
lcnzobnvat.mp4,REAL,
oinggfsmyv.mp4,REAL,
usfukdtdnf.mp4,REAL,
spyzagzzkb.mp4,REAL,
iaicjgrfqw.mp4,REAL,
yqyqnrquyp.mp4,REAL,
hlbistvaxj.mp4,REAL,
vbeqojpbwi.mp4,REAL,
lpkcjjzoml.mp4,REAL,
yowrqjcbbj.mp4,REAL,
guommdvwhv.mp4,REAL,
rwsxndetrr.mp4,REAL,
iidwcltvvx.mp4,REAL,
hkzwegpbmj.mp4,REAL,
mzdbbjvbbt.mp4,REAL,
vhtolmocbu.mp4,REAL,
hknezlocjt.mp4,REAL,
raospibigv.mp4,REAL,
fdamsekwzt.mp4,REAL,
sqeyqonrfv.mp4,REAL,
owmleyrerp.mp4,REAL,
cknqfjlusf.mp4,REAL,
nqnlhzpugs.mp4,REAL,
izacglthoa.mp4,REAL,
ucoybvztjv.mp4,REAL,
docbwaqepf.mp4,REAL,
jjoafnrfek.mp4,REAL,
qcselezlgp.mp4,REAL,
qduvdlvhgs.mp4,REAL,
npfrsielmb.mp4,REAL,
unkiykyxbk.mp4,REAL,
chbnrbsjpc.mp4,REAL,
prlxskrbjd.mp4,REAL,
kwckguejdj.mp4,REAL,
wnicpkipsg.mp4,REAL,
iztirxscgw.mp4,REAL,
twsasqpuii.mp4,REAL,
gpuciknkhh.mp4,REAL,
yfeswdwtpo.mp4,REAL,
nwlmrkacxp.mp4,REAL,
oyojinjzai.mp4,REAL,
imluzlqioa.mp4,REAL,
fumaxogacv.mp4,REAL,
rxgergrgvq.mp4,REAL,
sqaqebxfji.mp4,REAL,
vzwplzyhks.mp4,REAL,
kqfyjwwqap.mp4,REAL,
xlvtjtqeps.mp4,REAL,
sqltggqwmj.mp4,REAL,
lrojrfrsji.mp4,REAL,
idgzmaaaaf.mp4,REAL,
qtwpxpsnza.mp4,REAL,
arudzzdnti.mp4,REAL,
octhnroabx.mp4,REAL,
pmvhbzqnsr.mp4,REAL,
vjiljhlhuj.mp4,REAL,
oocfbzjbjz.mp4,REAL,
ugorqhcmkf.mp4,REAL,
vhnutudcuu.mp4,REAL,
arsgkutymm.mp4,REAL,
rtyiyjlbhx.mp4,REAL,
gszudpzoua.mp4,REAL,
pthhwdjowz.mp4,REAL,
klfsumyqdj.mp4,REAL,
tylopeltng.mp4,REAL,
avogfphahm.mp4,REAL,
iczjbatxyk.mp4,REAL,
wezeseyabq.mp4,REAL,
eimraxxtpt.mp4,REAL,
jkpqaezdup.mp4,REAL,
eivipqjhlb.mp4,REAL,
vzluwehwnv.mp4,REAL,
wqwaedreee.mp4,REAL,
pyyhciggjc.mp4,REAL,
zsztjofsyg.mp4,REAL,
nwksgeimti.mp4,REAL,
awnvkbuuul.mp4,REAL,
qgcppvhpvm.mp4,REAL,
tdsrbopmex.mp4,REAL,
fydgzlaies.mp4,REAL,
fwmflinrvu.mp4,REAL,
obmzzipzqs.mp4,REAL,
yowswelwcx.mp4,REAL,
rwcmqmsnxz.mp4,REAL,
siuhujnxoc.mp4,REAL,
npjbegfxpz.mp4,REAL,
bedjmitlpy.mp4,REAL,
jmfytkarqo.mp4,REAL,
sdvrrveows.mp4,REAL,
hitensqxdl.mp4,REAL,
cqqoxlcuqu.mp4,REAL,
rjwtaqlnll.mp4,REAL,
pabtzottlj.mp4,REAL,
nrxzfcamdl.mp4,REAL,
nxsafxfzmg.mp4,REAL,
flezkxfmlz.mp4,REAL,
draurzmraf.mp4,REAL,
tocyuddaqm.mp4,REAL,
ifbydapwbj.mp4,REAL,
dnojdntqwc.mp4,REAL,
rjnmptbiwu.mp4,REAL,
ygsxphrwhv.mp4,REAL,
fzdlwefhin.mp4,REAL,
jfzteuamds.mp4,REAL,
rbfjicedby.mp4,REAL,
tvmegvmsap.mp4,REAL,
chlkuqejaz.mp4,REAL,
ggldladtnu.mp4,REAL,
ectuedjjiq.mp4,REAL,
vvxbrngiem.mp4,REAL,
hlfexmbjgb.mp4,REAL,
slibhjtyzo.mp4,REAL,
wtebmojdkv.mp4,REAL,
jnzqiirmal.mp4,REAL,
xmgooftvtg.mp4,REAL,
wsolyqcxnc.mp4,REAL,
dutlbhkgdb.mp4,REAL,
sywxohbphe.mp4,REAL,
ochpbfinin.mp4,REAL,
tbiqenupzf.mp4,REAL,
gkpbklaczs.mp4,REAL,
bgzdytyarp.mp4,REAL,
hyommkypws.mp4,REAL,
vlqajlzqqm.mp4,REAL,
mzbosahaff.mp4,REAL,
fmqcsxrksv.mp4,REAL,
ejoyekzkrt.mp4,REAL,
sletbvworm.mp4,REAL,
rqzhnalque.mp4,REAL,
hfurckujph.mp4,REAL,
evglymrtxt.mp4,REAL,
ehmdocyrfn.mp4,REAL,
ydefudbbnw.mp4,REAL,
uixpqkjspp.mp4,REAL,
qcbsuvhije.mp4,REAL,
ncwrceqqbz.mp4,REAL,
twvsqauxac.mp4,REAL,
fblpblvuob.mp4,REAL,
kpzrnxogvi.mp4,REAL,
